Centro,São Cristóvão
Centro,Benfica
Centro,Caju
Centro,Catumbi
Centro,Centro
Centro,Cidade Nova
Centro,Estácio
Centro,Gamboa
Centro,Glória
Centro,Lapa
Centro,Mangueira
Centro,Paquetá
Centro,Rio Comprido
Centro,Santa Teresa
Centro,Santo Cristo
Centro,Saúde
Centro,Vasco da Gama
Zona Sul,Botafogo
Zona Sul,Catete
Zona Sul,Copacabana
Zona Sul,Cosme Velho
Zona Sul,Flamengo
Zona Sul,Gávea
Zona Sul,Humaitá
Zona Sul,Ipanema
Zona Sul,Jardim Botânico
Zona Sul,Lagoa
Zona Sul,Laranjeiras
Zona Sul,Leblon
Zona Sul,Leme
Zona Sul,Rocinha
Zona Sul,São Conrado
Zona Sul,Urca
Zona Sul,Vidigal
Zona Oeste,Anil
Zona Oeste,Bangu
Zona Oeste,Barra da Tijuca
Zona Oeste,Barra de Guaratiba
Zona Oeste,Camorim
Zona Oeste,Campo Grande
Zona Oeste,Cidade de Deus
Zona Oeste,Cosmos
Zona Oeste,Curicica 
Zona Oeste,Deodoro 
Zona Oeste,Freguesia de Jacarepaguá
Zona Oeste,Gardênia Azul
Zona Oeste,Gericinó 
Zona Oeste,Grumari
Zona Oeste,Guaratiba
Zona Oeste,Inhoaíba
Zona Oeste,Itanhangá
Zona Oeste,Jacarepaguá
Zona Oeste,Jardim Sulacap
Zona Oeste,Joá
Zona Oeste,Magalhães Bastos
Zona Oeste,Paciência
Zona Oeste,Padre Miguel
Zona Oeste,Pechincha
Zona Oeste,Pedra de Guaratiba
Zona Oeste,Praça Seca
Zona Oeste,Realengo
Zona Oeste,Recreio dos Bandeirantes
Zona Oeste,Santa Cruz
Zona Oeste,Santíssimo
Zona Oeste,Senador Camará
Zona Oeste,Senador Vasconcelos
Zona Oeste,Sepetiba
Zona Oeste,Tanque
Zona Oeste,Taquara
Zona Oeste,Vargem Grande
Zona Oeste,Vargem Pequena
Zona Oeste,Vila Militar
Zona Oeste,Vila Valqueire
Zona Norte,Abolição
Zona Norte,Acari 
Zona Norte,Água Santa
Zona Norte,Alto da Boa Vista
Zona Norte,Anchieta
Zona Norte,Andaraí
Zona Norte,Bancários
Zona Norte,Barros Filho
Zona Norte,Bento Ribeiro
Zona Norte,Bonsucesso
Zona Norte,Brás de Pina
Zona Norte,Cachambi 
Zona Norte,Cacuia
Zona Norte,Campinho
Zona Norte,Cascadura 
Zona Norte,Cavalcanti 
Zona Norte,Cocotá
Zona Norte,Coelho Neto
Zona Norte,Colégio 
Zona Norte,Complexo do Alemão
Zona Norte,Cordovil
Zona Norte,Costa Barros
Zona Norte,Del Castilho
Zona Norte,Encantado 
Zona Norte,Engenheiro Leal
Zona Norte,Engenho da Rainha
Zona Norte,Engenho de Dentro
Zona Norte,Engenho Novo
Zona Norte,Freguesia (Ilha do Governador)
Zona Norte,Galeão
Zona Norte,Grajaú
Zona Norte,Guadalupe
Zona Norte,Higienópolis
Zona Norte,Honório Gurgel
Zona Norte,Inhaúma 
Zona Norte,Irajá
Zona Norte,Jacaré
Zona Norte,Jacarezinho 
Zona Norte,Jardim América
Zona Norte,Jardim Carioca
Zona Norte,Jardim Guanabara
Zona Norte,Lins de Vasconcelos
Zona Norte,Madureira
Zona Norte,Manguinhos 
Zona Norte,Maracanã 
Zona Norte,Maré
Zona Norte,Marechal Hermes
Zona Norte,Maria da Graça
Zona Norte,Méier
Zona Norte,Monero
Zona Norte,Olaria
Zona Norte,Oswaldo Cruz
Zona Norte,Parada de Lucas
Zona Norte,Parque Colúmbia
Zona Norte,Pavuna 
Zona Norte,Penha
Zona Norte,Penha Circular 
Zona Norte,Piedade
Zona Norte,Pilares
Zona Norte,Pitangueiras 
Zona Norte,Portuguesa 
Zona Norte,Praça da Bandeira
Zona Norte,Praia da Bandeira
Zona Norte,Quintino Bocaiuva
Zona Norte,Ramos 
Zona Norte,Riachuelo
Zona Norte,Ribeira 
Zona Norte,Ricardo de Albuquerque
Zona Norte,Rocha
Zona Norte,Rocha Miranda
Zona Norte,Sampaio
Zona Norte,São Francisco Xavier
Zona Norte,Tauá
Zona Norte,Tijuca
Zona Norte,Todos os Santos
Zona Norte,Tomás Coelho
Zona Norte,Turiaçu
Zona Norte,Vaz Lobo
Zona Norte,Vicente de Carvalho
Zona Norte,Vigário Geral
Zona Norte,Vila da Penha
Zona Norte,Vila Isabel
Zona Norte,Vila Kosmos
Zona Norte,Vista Alegre
Zona Norte,Zumbi
Baixada,Belford Roxo
Baixada,Duque de Caxias
Baixada,Guapimirim
Baixada,Itaguai
Baixada,Japeri
Baixada,Magé
Baixada,Mesquita
Baixada,Nilópolis
Baixada,Nova Iguaçu
Baixada,Paracambi
Baixada,Queimados
Baixada,São João de Meriti
Baixada,Seropédica
Grande Niterói,Niterói - Região oceânica
Grande Niterói,Niterói - Centro
Grande Niterói,São Gonçalo
Grande Niterói,Maricá
Grande Niterói,Itaboraí
Grande Niterói,Tanguá
Grande Niterói,Rio Bonito